gsis_id,pfr_id,mfl_id,name,merge_name,birthdate,college,yamplayer_id
,,,Matt Johnson,matt johnson,,USC,YAMP_0243bd0d062f
,,,Matt Johnson,matt johnson,,BYU,YAMP_0243bd0d062f
,SimpJo00,,John Simpson,john simpson,,Baylor,YAMP_07c04ee06495
,SimpJo00,,John Simpson,john simpson,,Clemson,YAMP_07c04ee06495
,,,Marko Cavka,marko cavka,,Sacramento State,YAMP_0f3658344c32
,,,Marko Cavka,marko cavka,,Sacramento St.,YAMP_0f3658344c32
,,,Calvin Armstrong,calvin armstrong,,Washington State,YAMP_115f46d5349a
,,,Calvin Armstrong,calvin armstrong,,Washington St.,YAMP_115f46d5349a
,,,Russell Davis,russell davis,,Idaho,YAMP_18d2390cb2a2
,,,Russell Davis,russell davis,,Maryland,YAMP_18d2390cb2a2
,,,Chris Colmer,chris colmer,,Boise State,YAMP_1ae052bd0c48
,,,Chris Colmer,chris colmer,,North Carolina St.,YAMP_1ae052bd0c48
,,,Jason Gavadza,jason gavadza,,Kent St.,YAMP_1bb8606e9f37
,,,Jason Gavadza,jason gavadza,,Kent State,YAMP_1bb8606e9f37
00-0037286,HarrKe01,,Kevin Harris,kevin harris,,Texas Southern,YAMP_1f62c5436b28
00-0037286,HarrKe01,,Kevin Harris,kevin harris,,Georgia,YAMP_1f62c5436b28
,JoneTy02,,Tyler Jones,tyler jones,,North Carolina State,YAMP_2012c36a4805
,JoneTy02,,Tyler Jones,tyler jones,,Boise State,YAMP_2012c36a4805
00-0029271,AdamJo01,,Joe Adams,joe adams,,Nebraska,YAMP_209f101dc1cd
00-0029271,AdamJo01,,Joe Adams,joe adams,,Tennessee St.,YAMP_209f101dc1cd
,,,Derek Smith,derek smith,,Kentucky,YAMP_2107de918e15
,,,Derek Smith,derek smith,,Virginia Tech,YAMP_2107de918e15
,,,David Smith,david smith,,Northern Arizona,YAMP_357e14648756
,,,David Smith,david smith,,Western Kentucky,YAMP_357e14648756
,,,Andrew Kline,andrew kline,,San Diego St.,YAMP_4a6d1bc34f77
,,,Andrew Kline,andrew kline,,San Diego State,YAMP_4a6d1bc34f77
,,,Jeff Smith,jeff smith,,Missouri,YAMP_50a3c4ce8d73
,,,Jeff Smith,jeff smith,,Kentucky,YAMP_50a3c4ce8d73
,WillKe04,,Keith Williams,keith williams,,Nebraska,YAMP_56232269aa32
,WillKe04,,Keith Williams,keith williams,,Florida,YAMP_56232269aa32
,,,Chris Denman,chris denman,,Fresno State,YAMP_57219ec3fd13
,,,Chris Denman,chris denman,,Fresno St.,YAMP_57219ec3fd13
,,,Andrew Carnahan,andrew carnahan,,Arizona State,YAMP_57973d64ba25
,,,Andrew Carnahan,andrew carnahan,,Arizona St.,YAMP_57973d64ba25
,,,Mike Miller,mike miller,,Texas St.,YAMP_5cdc333707ad
,,,Mike Miller,mike miller,,Notre Dame,YAMP_5cdc333707ad
,PatcMa01,,Matt Patchan,matt patchan,,Miami (FL),YAMP_6666ca13f171
,PatcMa01,,Matt Patchan,matt patchan,,Boston Col.,YAMP_6666ca13f171
,,,Clenton Ballard,clenton ballard,,Texas St.,YAMP_7101fc8c0ccb
,,,Clenton Ballard,clenton ballard,,Texas State,YAMP_7101fc8c0ccb
,PattJa03,,Jarrett Patterson,jarrett patterson,,Notre Dame,YAMP_79558a00f0b8
,PattJa03,,Jarrett Patterson,jarrett patterson,,Notre Dame,YAMP_79558a00f0b8
,,,Aaron Lockett,aaron lockett,,Kansas St.,YAMP_7c756213b2fe
,,,Aaron Lockett,aaron lockett,,Kansas State,YAMP_7c756213b2fe
,,,Arther Love,arther love,,South Carolina State,YAMP_7cf7e7731d8d
,,,Arther Love,arther love,,South Carolina St.,YAMP_7cf7e7731d8d
,,,Tim Provost,tim provost,,San Jose St.,YAMP_7d371f69cfab
,,,Tim Provost,tim provost,,San Jose State,YAMP_7d371f69cfab
,,,Pete Campion,pete campion,,North Dakota State,YAMP_8fa929895a14
,,,Pete Campion,pete campion,,North Dakota St.,YAMP_8fa929895a14
,,,Chris Brown,chris brown,,Oklahoma,YAMP_926db4744d71
,,,Chris Brown,chris brown,,Texas,YAMP_926db4744d71
,,,Doug Datish,doug datish,,Ohio St.,YAMP_963982c42994
,,,Doug Datish,doug datish,,Ohio State,YAMP_963982c42994
,,,Andre Maddox,andre maddox,,Boise State,YAMP_996718f2e179
,,,Andre Maddox,andre maddox,,North Carolina St.,YAMP_996718f2e179
,,,Nate Williams,nate williams,,Washington,YAMP_a5a45aba80d8
,,,Nate Williams,nate williams,,Mississippi St.,YAMP_a5a45aba80d8
,,,Larry Jones,larry jones,,Miami (FL),YAMP_a8be7c861441
,,,Larry Jones,larry jones,,Colorado St.,YAMP_a8be7c861441
,,,Michael Turk,michael turk,,Oklahoma,YAMP_b11867605643
,,,Michael Turk,michael turk,,Arizona State,YAMP_b11867605643
,,,John Walker,john walker,,Texas,YAMP_b762033ec659
,,,John Walker,john walker,,USC,YAMP_b762033ec659
,,,Mike Jones,mike jones,,Iowa,YAMP_c4713322517c
,,,Mike Jones,mike jones,,Tulane,YAMP_c4713322517c
,,,Mike Jones,mike jones,,North Carolina A&T,YAMP_c4713322517c
,WillJa01,,James Williams,james williams,,North Carolina A&T,YAMP_cf689ddf833c
,WillJa01,,James Williams,james williams,,Memphis,YAMP_cf689ddf833c
,,,Robert Stewart,robert stewart,,,YAMP_d23745b48a0f
,,,Robert Stewart,robert stewart,,Alabama,YAMP_d23745b48a0f
,,,Mike Collins,mike collins,,Ohio State,YAMP_d485f0d8f945
,,,Mike Collins,mike collins,,Wake Forest,YAMP_d485f0d8f945
,,,Tony Smith,tony smith,,San Jose St.,YAMP_d561d5cf85c0
,,,Tony Smith,tony smith,,Notre Dame,YAMP_d561d5cf85c0
,GilbMa00,,Marcus Gilbert,marcus gilbert,,TCU,YAMP_d98852fc87b3
,GilbMa00,,Marcus Gilbert,marcus gilbert,,Florida,YAMP_d98852fc87b3
,RogeKe00,,Kendrick Rogers,kendrick rogers,,Central Missouri State,YAMP_e6a89372fb14
,RogeKe00,,Kendrick Rogers,kendrick rogers,,Texas A&M,YAMP_e6a89372fb14
,,,E.J. Whitley,e.j. whitley,,Texas Tech,YAMP_eea586096b6b
,,,E.J. Whitley,e.j. whitley,,UNLV,YAMP_eea586096b6b
,HuntRo01,,Robert Hunt,robert hunt,,Virginia,YAMP_f24f6a83616b
,HuntRo01,,Robert Hunt,robert hunt,,Louisiana-Lafayette,YAMP_f24f6a83616b
,HuntRo01,,Robert Hunt,robert hunt,,North Dakota St.,YAMP_f24f6a83616b
,,,Josh Davis,josh davis,,Nebraska,YAMP_f5c7683835de
,,,Josh Davis,josh davis,,Georgia,YAMP_f5c7683835de
,MillCh06,,Chris Miller,chris miller,,USC,YAMP_fd1bd0edc5f5
,MillCh06,,Chris Miller,chris miller,,Baylor,YAMP_fd1bd0edc5f5
